{
    "statusCode": 200,
    "body": [
        1.6205554599649803,
        1.3087165109664882,
        1.7441372050890172,
        1.4082853412414853,
        1.2497596178176336,
        1.4084624649548083,
        0.7808625418771065,
        1.0175251262639042,
        1.3002651795022317,
        1.3577038693940346,
        1.6750842602807663,
        0.25,
        1.7116476553881035,
        1.514407748909424,
        1.6429236546188801,
        1.5821196141739458,
        1.6339156486270383,
        1.5807532312425987,
        1.1456614811590975,
        1.3406746895274342,
        0.0,
        0.9935881215777167,
        0.4752988330077629,
        0.03580429347881109,
        0.7650985313913827,
        0.4460987236971284,
        1.2124371210817704,
        1.3925466341433792,
        1.6347759638060344,
        1.5068673393993985,
        1.3921923867167338,
        1.414459367820164,
        1.5368518537261768,
        1.672705741844718,
        1.628272993188328,
        1.6309298488881692,
        1.901043511705347,
        1.8653910385522416,
        1.7029179866600541,
        1.751146243459074,
        1.2456098622483578,
        0.25,
        1.7046892237932814,
        1.7057266626856005,
        1.788215706318762,
        1.9102539447981295,
        2.5,
        1.5597514195200453,
        1.686900942298155,
        1.945122012935092,
        1.8383670205767146,
        1.7919606076861572,
        1.9915284258256496,
        0.25,
        2.2032418700215586,
        0.25,
        1.9455774739122074,
        0.25,
        1.8771571137943948,
        1.6417850021760916,
        1.5276667240210118,
        1.6866732118095973,
        1.5600297567838384,
        1.6444924646511674,
        1.5818412769101524,
        1.3292628617119262,
        0.7681349379054869,
        1.4323488628657604,
        1.7526054054783522,
        1.8043845710063664,
        1.5037803261100597,
        1.4836388295665026,
        1.673363629922774
    ]
}
