{
    "statusCode": 200,
    "body": [
        484.34999999999997,
        481.09666666666664,
        395.7366666666667,
        442.98,
        529.1966666666667,
        604.29,
        700.3000000000001,
        729.4566666666666,
        604.8766666666667,
        568.9766666666666,
        514.1666666666666,
        291.5,
        490.34999999999997,
        615.0,
        648.07,
        635.08,
        698.2566666666667,
        201.59333333333333,
        703.91,
        741.5533333333333,
        827.1666666666666,
        858.9433333333333,
        11919.886666666667,
        867.7833333333333,
        696.0433333333334,
        880.7333333333332,
        683.4466666666667,
        593.7199999999999,
        606.4766666666666,
        211.32666666666668,
        739.7666666666668,
        640.1666666666666,
        600.0433333333334,
        189.48000000000002,
        677.6666666666666,
        609.3166666666667,
        544.7333333333333,
        559.7633333333333,
        531.1666666666666,
        545.8133333333334,
        593.7433333333333,
        355.1666666666667,
        185.26666666666665,
        577.4633333333333,
        174.26333333333332,
        630.52,
        558.1633333333333,
        523.6933333333333,
        1041.2766666666666,
        1000.2599999999999,
        13066.323333333334,
        448.43666666666667,
        418.1466666666667,
        1435.1666666666667,
        458.59,
        -0.16666666666666666,
        420.2,
        -0.16666666666666666,
        434.2133333333333,
        511.8866666666666,
        487.25333333333333,
        187.64,
        204.32333333333335,
        513.1966666666667,
        443.45,
        462.72333333333336,
        498.97666666666663,
        373.14333333333326,
        302.40000000000003,
        306.46666666666664,
        302.73333333333335,
        214.38666666666666,
        430.72666666666663
    ]
}
